{"cameraMode":{"drawMode":0,"name":"Shaded","section":"Shading Mode"},"sceneLighting":false,"audioPlay":false,"sceneViewState":{"showFog":true,"showMaterialUpdate":false,"showSkybox":true,"showFlares":true,"showImageEffects":true,"showParticleSystems":true},"in2DMode":false,"pivot":{"x":0.12118339538574219,"y":0.36747756600379946,"z":0.30356481671333315},"rotation":{"x":-0.0008788530831225216,"y":-0.9867937564849854,"z":0.16218474507331849,"w":-0.005318423267453909},"size":0.7836101055145264,"orthographic":true}