{"cameraMode":{"drawMode":0,"name":"Shaded","section":"Shading Mode"},"sceneLighting":false,"audioPlay":false,"sceneViewState":{"showFog":true,"showMaterialUpdate":false,"showSkybox":true,"showFlares":true,"showImageEffects":true,"showParticleSystems":true},"in2DMode":false,"pivot":{"x":0.09635000675916672,"y":0.09386882185935974,"z":-0.05685712397098541},"rotation":{"x":-0.16351337730884553,"y":-0.04648790508508682,"z":0.007530353497713804,"w":-0.9855834245681763},"size":1.035149097442627,"orthographic":true}