{"cameraMode":{"drawMode":0,"name":"Shaded","section":"Shading Mode"},"sceneLighting":false,"audioPlay":false,"sceneViewState":{"showFog":true,"showMaterialUpdate":false,"showSkybox":true,"showFlares":true,"showImageEffects":true,"showParticleSystems":true},"in2DMode":false,"pivot":{"x":-0.0009399354457855225,"y":-0.030095621943473817,"z":0.00501658022403717},"rotation":{"x":-0.0028537840116769077,"y":-0.9423560500144959,"z":0.33483150601387026,"w":-0.008223526179790497},"size":0.8128215670585632,"orthographic":true}