{"cameraMode":{"drawMode":0,"name":"Shaded","section":"Shading Mode"},"sceneLighting":false,"audioPlay":false,"sceneViewState":{"showFog":true,"showMaterialUpdate":false,"showSkybox":true,"showFlares":true,"showImageEffects":true,"showParticleSystems":true},"in2DMode":false,"pivot":{"x":0.01944936439394951,"y":-0.3449798822402954,"z":-0.06707805395126343},"rotation":{"x":0.17713087797164918,"y":0.8162073493003845,"z":-0.44219401478767397,"w":0.3269503712654114},"size":0.7511926889419556,"orthographic":false}