{"cameraMode":{"drawMode":0,"name":"Shaded","section":"Shading Mode"},"sceneLighting":false,"audioPlay":false,"sceneViewState":{"showFog":true,"showMaterialUpdate":false,"showSkybox":true,"showFlares":true,"showImageEffects":true,"showParticleSystems":true},"in2DMode":false,"pivot":{"x":1.7639268636703492,"y":0.9658761620521545,"z":0.6300244331359863},"rotation":{"x":0.04247574880719185,"y":-0.8316023349761963,"z":0.550083577632904,"w":0.06426356732845307},"size":10.643534660339356,"orthographic":true}