{"cameraMode":{"drawMode":0,"name":"Shaded","section":"Shading Mode"},"sceneLighting":false,"audioPlay":false,"sceneViewState":{"showFog":true,"showMaterialUpdate":false,"showSkybox":true,"showFlares":true,"showImageEffects":true,"showParticleSystems":true},"in2DMode":false,"pivot":{"x":0.0847240686416626,"y":0.36387118697166445,"z":0.06403239071369171},"rotation":{"x":-0.19607076048851014,"y":0.027320977300405504,"z":-0.005646435543894768,"w":-0.9803606271743774},"size":0.7128133177757263,"orthographic":true}