{"cameraMode":{"drawMode":0,"name":"Shaded","section":"Shading Mode"},"sceneLighting":false,"audioPlay":false,"sceneViewState":{"showFog":true,"showMaterialUpdate":false,"showSkybox":true,"showFlares":true,"showImageEffects":true,"showParticleSystems":true},"in2DMode":false,"pivot":{"x":0.05098569393157959,"y":-0.3234212100505829,"z":0.19056910276412965},"rotation":{"x":-0.06978187710046768,"y":-0.04279124736785889,"z":0.0029777504969388248,"w":-0.9966833591461182},"size":0.6308592557907105,"orthographic":true}