{"cameraMode":{"drawMode":0,"name":"Shaded","section":"Shading Mode"},"sceneLighting":false,"audioPlay":false,"sceneViewState":{"showFog":true,"showMaterialUpdate":false,"showSkybox":true,"showFlares":true,"showImageEffects":true,"showParticleSystems":true},"in2DMode":false,"pivot":{"x":66.1495361328125,"y":8.308267593383789,"z":5.8058366775512699},"rotation":{"x":0.05696755647659302,"y":-0.007488016504794359,"z":0.0004272828809916973,"w":0.9983479380607605},"size":423.2513427734375,"orthographic":false}