{"cameraMode":{"drawMode":0,"name":"Shaded","section":"Shading Mode"},"sceneLighting":false,"audioPlay":false,"sceneViewState":{"showFog":true,"showMaterialUpdate":false,"showSkybox":true,"showFlares":true,"showImageEffects":true,"showParticleSystems":true},"in2DMode":false,"pivot":{"x":1.274850606918335,"y":0.6319999694824219,"z":0.37868350744247439},"rotation":{"x":0.003996764309704304,"y":-0.932891845703125,"z":0.36011719703674319,"w":0.01036617998033762},"size":6.728943347930908,"orthographic":true}