{"cameraMode":{"drawMode":0,"name":"Shaded","section":"Shading Mode"},"sceneLighting":false,"audioPlay":false,"sceneViewState":{"showFog":true,"showMaterialUpdate":false,"showSkybox":true,"showFlares":true,"showImageEffects":true,"showParticleSystems":true},"in2DMode":false,"pivot":{"x":0.7937581539154053,"y":0.39039769768714907,"z":-0.012171030044555664},"rotation":{"x":0.04247574880719185,"y":-0.8316023349761963,"z":0.550083577632904,"w":0.06426356732845307},"size":4.439556121826172,"orthographic":true}