{"cameraMode":{"drawMode":0,"name":"Shaded","section":"Shading Mode"},"sceneLighting":true,"audioPlay":false,"sceneViewState":{"showFog":true,"showMaterialUpdate":false,"showSkybox":true,"showFlares":true,"showImageEffects":true,"showParticleSystems":true},"in2DMode":false,"pivot":{"x":1.285539150238037,"y":0.6929757595062256,"z":1.140202283859253},"rotation":{"x":0.002250468358397484,"y":0.9586058855056763,"z":-0.2849118113517761,"w":0.007465490605682135},"size":9.457148551940918,"orthographic":true}