{"cameraMode":{"drawMode":0,"name":"Shaded","section":"Shading Mode"},"sceneLighting":false,"audioPlay":false,"sceneViewState":{"showFog":true,"showMaterialUpdate":false,"showSkybox":true,"showFlares":true,"showImageEffects":true,"showParticleSystems":true},"in2DMode":false,"pivot":{"x":0.36570069193840029,"y":-0.40105924010276797,"z":-0.13310548663139344},"rotation":{"x":0.008843770250678063,"y":0.9479484558105469,"z":-0.3177200257778168,"w":0.026154350489377977},"size":1.62633216381073,"orthographic":true}